<?xml version="1.0" encoding="utf-8"?>
<odoo>
    <data>

        <report id="non_moving_stock_report"
                model="non.moving.stock"
                string="Non Moving Stock"
                report_type="qweb-pdf"
                name="flexiretail_com_advance.non_moving_stock_template"
                file="flexiretail_com_advance.non_moving_stock_template"
        />

        <report
                id="product_expiry_report"
                model="product.expiry.report"
                string="product Expiry Report"
                report_type="qweb-pdf"
                name="flexiretail_com_advance.product_exp_report_template"
                file="flexiretail_com_advance.product_exp_report_template"
                menu="False"
        />

        <report
                id="report_pos_sales"
                string="Z Report"
                model="pos.session"
                report_type="qweb-pdf"
                file="flexiretail_com_advance.pos_sales_report_template"
                name="flexiretail_com_advance.pos_sales_report_template"
                menu="False"/>

        <report
                id="report_pos_sales_pdf"
                string="Z Report(pdf)"
                model="pos.session"
                report_type="qweb-pdf"
                file="flexiretail_com_advance.pos_sales_report_pdf_template"
                name="flexiretail_com_advance.pos_sales_report_pdf_template"
                menu="False"/>

        <report
                id="report_sales_details_pdf"
                string="Sales Details"
                model="wizard.sales.details"
                report_type="qweb-pdf"
                file="flexiretail_com_advance.sales_details_pdf_template"
                name="flexiretail_com_advance.sales_details_pdf_template"
                menu="False"
        />

        <report
                id="report_sales_details_thermal"
                string="Sales Details(Thermal)"
                model="wizard.sales.details"
                report_type="qweb-pdf"
                file="flexiretail_com_advance.sales_details_template"
                name="flexiretail_com_advance.sales_details_template"
                menu="False"
        />

        <report
                id="report_pos_sales_thermal_front"
                string="X Report"
                model="pos.session"
                report_type="qweb-pdf"
                file="flexiretail_com_advance.front_sales_thermal_report_template"
                name="flexiretail_com_advance.front_sales_thermal_report_template"
                menu="False"
        />
        <report
                id="report_pos_sales_pdf_front"
                string="X Report(pdf)"
                model="pos.session"
                report_type="qweb-pdf"
                file="flexiretail_com_advance.front_sales_report_pdf_template"
                name="flexiretail_com_advance.front_sales_report_pdf_template"
                menu="False"
        />

        <record id="report_pos_inventory_session_pdf_front" model="ir.actions.report">
            <field name="name">Inventory Report(pdf)</field>
            <field name="model">pos.session</field>
            <field name="report_type">qweb-pdf</field>
            <field name="report_name">flexiretail_com_advance.front_inventory_session_pdf_report_template</field>
            <field name="print_report_name">'Inventory Report(pdf)'</field>
        </record>

        <record id="report_pos_inventory_session_thermal_front" model="ir.actions.report">
            <field name="name">Inventory Report(Thermal)</field>
            <field name="model">pos.session</field>
            <field name="report_type">qweb-pdf</field>
            <field name="report_name">flexiretail_com_advance.front_inventory_session_thermal_report_template</field>
            <field name="print_report_name">'Inventory Report(Thermal)'</field>
        </record>

        <record id="report_pos_inventory_location_pdf_front" model="ir.actions.report">
            <field name="name">Inventory Report(pdf)</field>
            <field name="model">stock.location</field>
            <field name="report_type">qweb-pdf</field>
            <field name="report_name">flexiretail_com_advance.front_inventory_location_pdf_report_template</field>
            <field name="print_report_name">'Inventory Report(pdf)'</field>
        </record>

        <record id="report_pos_inventory_location_thermal_front" model="ir.actions.report">
            <field name="name">Inventory Report(Thermal)</field>
            <field name="model">stock.location</field>
            <field name="report_type">qweb-pdf</field>
            <field name="report_name">flexiretail_com_advance.front_inventory_location_thermal_report_template</field>
            <field name="print_report_name">'Inventory Report(Thermal)'</field>
        </record>

        <record id="x_report_thermal_front" model="ir.actions.report">
            <field name="name">X Report(Thermal)</field>
            <field name="model">pos.session</field>
            <field name="report_type">qweb-pdf</field>
            <field name="report_name">flexiretail_com_advance.pos_x_thermal_report_template</field>
            <field name="print_report_name">'POS X Report(Thermal)'</field>
        </record>

        <record id="z_report_thermal_front" model="ir.actions.report">
            <field name="name">Z Report(Thermal)</field>
            <field name="model">pos.session</field>
            <field name="report_type">qweb-pdf</field>
            <field name="report_name">flexiretail_com_advance.pos_z_thermal_report_template</field>
            <field name="print_report_name">'POS Z Report(Thermal)'</field>
        </record>

        <record id="paperformat_session_receipt_pdf" model="report.paperformat">
            <field name="name">Session Receipt PDF</field>
            <field name="default" eval="True"/>
            <field name="format">custom</field>
            <field name="page_height">297</field>
            <field name="page_width">80</field>
            <field name="orientation">Portrait</field>
            <field name="margin_top">1</field>
            <field name="margin_bottom">1</field>
            <field name="margin_left">1</field>
            <field name="margin_right">1</field>
            <field name="header_line" eval="False"/>
            <field name="header_spacing">0</field>
            <field name="dpi">90</field>
            <field name="report_ids" eval="[(6,0,[ref('flexiretail_com_advance.report_pos_sales_pdf'),
                                                  ref('flexiretail_com_advance.report_pos_sales'),
                                                  ref('flexiretail_com_advance.pos_x_report'),
                                                  ref('flexiretail_com_advance.pos_z_report'),
                                                  ref('flexiretail_com_advance.report_sales_details_pdf'),
                                                  ref('flexiretail_com_advance.report_sales_details_thermal'),
                                                  ref('flexiretail_com_advance.report_pos_sales_pdf_front'),
                                                  ref('flexiretail_com_advance.report_pos_sales_thermal_front'),
                                                  ref('flexiretail_com_advance.report_pos_inventory_session_pdf_front'),
                                                  ref('flexiretail_com_advance.report_pos_inventory_location_pdf_front'),])]"/>
        </record>

    </data>
</odoo>
