<?xml version="1.0" encoding="UTF-8" ?>
<odoo>
    <data noupdate="1">
        <record id="seq_delivery_boy_bill" model="ir.sequence">
            <field name="name">Delivery Boy Bill</field>
            <field name="code">delivery.boy.bill</field>
            <field name="prefix">BILL/%(year)s/%(month)s/%(day)s/</field>
            <field name="padding">4</field>
            <field name="company_id" eval="False"/>
            <field name="implementation">standard</field>
        </record>
    </data>
</odoo>
