<?xml version="1.0" encoding="UTF-8"?>
<templates id="template" xml:space="preserve">
    <t t-extend="PosTicket">
        <t t-jquery='.pos-sale-ticket' t-operation="replace">
        <div class="pos-sale-ticket">
            <div class="pos-center-align"/>
            <br />
            <div class="company-name" style="text-align:center;">
                <t t-esc="widget.pos.company.name"/>
            </div>
            <t t-if="order.get_company_doc_number()">
                <div class="company-doc-number" style="text-align:center;">
                     RUC: <t t-esc="order.get_company_doc_number()"/>
                </div>
            </t>
            <div class="receipt-street" style="text-align:center;">
                <t t-if="widget.pos.pos_session.store_id and widget.pos.store_by_id[widget.pos.pos_session.store_id[0]]">
                    <div class="receipt-local">
                        <t t-set="store_detail" t-value="widget.pos.store_by_id[widget.pos.pos_session.store_id[0]]"/>
                        Dirección: <t t-esc="store_detail.street"/>
                    </div>
                </t>
                <t t-if="!widget.pos.pos_session.store_id">
                    Dirección: <t t-esc="widget.pos.company.street || ''"/>
                </t>
            </div>
            <br/>
            <div style="text-align:left; border-bottom:1px dotted;">
                <div class="receipt-pedido">
                    Pedido: <t t-esc="order.get_number_order()"/>
                </div>
                <div class="receipt-date-time">
                    Fecha y hora: <t t-esc="moment(new Date()).format('DD/MM/YYYY HH:mm:ss')"/>
                </div>
                <t t-if="widget.pos.pos_session.store_id and widget.pos.store_by_id[widget.pos.pos_session.store_id[0]]">
                    <div class="receipt-local">
                        <t t-set="store_detail" t-value="widget.pos.store_by_id[widget.pos.pos_session.store_id[0]]"/>
                        Local: <t t-esc="store_detail.name"/>
                    </div>
                    <t t-if="store_detail and store_detail.phone">
                        <div class="receipt-telefono-local">
                            Phone: <t t-esc="store_detail.phone || ''"/>
                        </div>
                    </t>
                </t>
                <div class="receipt-user">
                    User: <t t-esc="widget.pos.get_cashier().name"/>
                    <t t-if="widget.pos.set_ret_o_inv_origin()">
                        Document de origin : <t t-esc="widget.pos.set_ret_o_inv_origin()"/>
                    </t>
                </div>
            </div>
            <div class="receipt-partner" style="text-align:left;border-bottom:1px dotted;" t-if="order.get('client')">
                <br />
                <div class="pos-left-align">
                    <t t-if="order.get_doc_number()">
                        <t t-if="order.get_doc_type()=='0'">Otro tipo de documento:</t>
                        <t t-if="order.get_doc_type()=='1'">DNI:</t>
                        <t t-if="order.get_doc_type()=='4'">CE.:</t>
                        <t t-if="order.get_doc_type()=='6'">RUC.:</t>
                        <t t-if="order.get_doc_type()=='7'">Pasaporte:</t>
                        <t t-if="order.get_doc_type()=='A'">Ced.Diplomática:</t>
                        <t t-esc="order.get_doc_number()"/>
                    </t>
                </div>
                <div class="pos-left-align">
                    <t t-esc="order.get('client').name"/>
                </div>
                <t t-if="order.get('client').street">
                    <div class="pos-left-align">
                        Street: <t t-esc="order.get('client').street"/>
                    </div>
                </t>
                <br/>
            </div>
            <t t-if="order.get_delivery_date() and order.get_delivery_address()">
                <div class="receipt-delivery" style="border-bottom:1px dotted;">
                    <div style="text-align: center;">Detalles de Delivery</div>
                    <div>
                        Destinatario: <t t-esc="order.get_delivery_destinatario() or ''"/>
                    </div>
                    <div>
                        Fecha: <t t-esc="order.get_delivery_date() or ''"/>
                    </div>
                    <div>
                        Hora: <t t-esc="order.get_delivery_time() or ''"/>
                    </div>
                    <div>
                        Direccion: <t t-esc="order.get_delivery_address() or ''"/>
                    </div>
                    <div>
                        Destinatario: <t t-esc="order.get_delivery_destinatario() or ''"/>
                    </div>
                </div>
                <br/>
            </t>
            <table class='receipt-orderlines' style="border-bottom:1px dotted;">
                <colgroup>
                    <col width='50%'/>
                    <col width='25%'/>
                    <col width='25%'/>
                    <col width='25%'/>
                </colgroup>
                <tr style="border-bottom:1px dotted;">
                    <td style="text-align:left;">Producto</td>
                    <td style="text-align:right;">Cant.</td>
                    <td style="text-align:right;">P.Unit</td>
                    <td style="text-align:right;">Total</td>
                </tr>
                <tr t-foreach="orderlines" t-as="orderline">
                    <td>
                        <t t-esc="orderline.get_product().display_name"/>
                         <t t-if="orderline.get_discount() > 0">
                            <div class="pos-disc-font">
                                With a <t t-esc="orderline.get_discount()"/>% discount
                            </div>
                        </t>
                    </td>
                    <td class="pos-right-align">
                        <t t-esc="orderline.get_quantity_str_with_unit()"/>
                    </td>
                    <td class="pos-right-align">
                        <t t-esc="orderline.get_unit_display_price()" />
                    </td>
                    <td class="pos-right-align">
                        <t t-esc="orderline.get_display_price()"/>
                    </td>
                </tr>
            </table>
            <table class='receipt-total'>
                <colgroup>
                    <col width='60%'/>
                    <col width='40%'/>
                </colgroup>
                <tr>
                    <td class="pos-right-align"><b>TOTAL A PAGAR:</b> </td>
                    <td class="pos-right-align">
                        <b><t t-esc="widget.format_currency(order.get_total_with_tax(),2)"/></b>
                    </td>
                </tr>
                <tr>
                    <td class="pos-right-align">Total descuentos:</td>
                    <td class="pos-right-align">
                        <t t-esc="widget.format_currency(order.get_total_discount(),2)"/>
                    </td>
                </tr>

                <tr>
                    <td class="pos-right-align">Op. Gravadas:</td>
                    <td class="pos-right-align">
                        <t t-esc="widget.format_currency(order.get_total_without_tax(),2)"/>
                    </td>
                </tr>
                <tr>
                    <td class="pos-right-align">Op. Exoneradas:</td>
                    <td class="pos-right-align">
                        <t t-esc="widget.format_currency(0.00,2)"/>
                    </td>
                </tr>
                <t t-foreach="order.get_tax_details()" t-as="taxdetail">
                    <tr>
                        <td class="pos-right-align"><t t-esc="taxdetail.name" />:</td>
                        <td class="pos-right-align">
                            <t t-esc="widget.format_currency(taxdetail.amount,2)" />
                        </td>
                    </tr>
                </t>
                <tr>
                    <td class="pos-right-align">Importe Total:</td>
                    <td class="pos-right-align">
                        <t t-esc="widget.format_currency(order.get_total_with_tax(),2)"/>
                    </td>
                </tr>
            </table>
            <br/>
            <div class="amount-text" style="border-bottom:1px dotted;">
                	SON <t t-esc="order.get_amount_text()" />
            </div>
            <br/>
            <table class='receipt-paymentlines'>
                <colgroup>
                    <col width='70%'/>
                    <col width='30%'/>
                </colgroup>
                <t t-foreach="paymentlines" t-as="line">
                  <tr>
                      <td>
                          <t t-esc="line.name"/>
                      </td>
                      <td class="pos-right-align">
                          <t t-esc="widget.format_currency(line.get_amount(),2)"/>
                      </td>
                  </tr>
                </t>
            </table>
            <div style="border-bottom:1px dotted;">
            <table class='receipt-change'>
            <tr><td>Change:</td><td class="pos-right-align">
                <t t-esc="widget.format_currency(order.get_change())"/>
                </td></tr>
            </table>
            </div>
            <div style="text-align:center">
                <t t-if="order.get_cpe_type()">
                    <br/>
                    <div class="qr-code" id="qr-code" style="display: flex; justify-content: center;"></div>
                    <input type='hidden' id='string-qr-code' name='string-qr-code' t-att-value='order.get_cpe_qr()'/>
                    <t t-if="order.get_cpe_type()">
                        <script type="text/javascript">
                            var qrcode = new QRCode(document.getElementById("qr-code"), { width : 84, height : 84, correctLevel : QRCode.CorrectLevel.Q });
                            qrcode.makeCode($('#string-qr-code').val());
                        </script>
                    </t>
                </t>
            </div>
            <t t-if="receipt.footer">
                <br />
                <div style='text-align:center'>
                    <t t-esc="receipt.footer" />
                </div>
            </t>
        </div>
        </t>
    </t>
</templates>